a,b,x0,y0,phi,msec,iters
1,1,0,0,0,5.2884,76
1,0.8,0.5,-1,2.35619,5.2884,76
1.06451,1.6263,0.226231,-0.395759,0.540059,5.2884,76
