eps,msec,iterations
0.100000,0.9053,4
0.050000,1.2005,15
0.010000,5.4143,73
0.005000,9.9399,141
0.001000,48.2051,651
